[
  {
    "parentEntity": "demoSvc:demo:customer",
    "childEntity": "demoSvc:demo:PurchaseOrder",
    "roleToParent": "Customer",
    "roleToChild": "PurchaseOrder_List",
    "deleteRule": "No Action",
    "updateRule": "No Action",
    "parentColumns": [
      "name"
    ],
    "childColumns": [
      "customer_name"
    ]
  },
  {
    "parentEntity": "restM:demo:customer",
    "childEntity": "restM:demo:PurchaseOrder",
    "roleToParent": "demo$003acustomer",
    "roleToChild": "demo$003aPurchaseOrder_List",
    "deleteRule": "No Action",
    "updateRule": "No Action",
    "parentColumns": [
      "name"
    ],
    "childColumns": [
      "customer_name"
    ]
  }
]
