{
  "name": "Demo Service",
  "prefix": "demoSvc",
  "title": "New Datasource Provider ",
  "databaseType": "GENERIC",
  "comments": null,
  "isActive": true,
  "isLogErrors": false,
  "isSchemaEditable": false,
  "isSupportBoolean": false,
  "isReadOnly": false,
  "dataSourceProvider": "tli-dsp",
  "dataSourceProviderMap": "{\"authKey\":\"finance\"}",
  "useJNDIDataSource": false,
  "url": null,
  "catalog": null,
  "schema": null,
  "username": null,
  "password": null,
  "maximumConnections": 20,
  "tableExcludes": null,
  "tableIncludes": null,
  "procedureExcludes": null,
  "procedureIncludes": null,
  "nonPersistentAttributes": {
  },
  "tableInfos": {
  },
  "viewInfos": {
  },
  "procedureInfos": {
  }
}
